Rice Consumption Per Capita,,,,,,,,,,,,,,,,,,,,,,,,,,,,,,,,,,,,,,,,,,,,,,,,,,,,,,,,,,,
Yearly Data,Units,1961,1962,1963,1964,1965,1966,1967,1968,1969,1970,1971,1972,1973,1974,1975,1976,1977,1978,1979,1980,1981,1982,1983,1984,1985,1986,1987,1988,1989,1990,1991,1992,1993,1994,1995,1996,1997,1998,1999,2000,2001,2002,2003,2004,2005,2006,2007,2008,2009,2010,2011,2012,2013,2014,2015,2016,2017,Source
Afghanistan,kg,20.46,20.04,19.54,23.08,22.55,19.48,22.62,22.45,22.21,19.34,18.14,20.05,20.54,20.03,20.33,20.55,18.06,19.25,20.36,19.63,19.15,17.17,17.7,16.64,16.14,17.8,17.44,18.35,17,17,15.58,18.06,14.38,15.77,18.15,13.82,17.14,17.8,13.51,18.05,19.27,20.16,19.91,17.45,17.9,21.3,17.25,18.12,14.96,15.58,16.34,14.27,13.82,19.14847482,15.02312908,15.68548627,19.75418248,Faostat
Albania,kg,1.39,1.71,2.97,2.5,3.16,3.15,3.3,3.69,3.99,4.24,2.84,3.06,3.95,2.98,3.31,3.36,3.38,4.74,3.79,5,3.29,5.47,3.87,3.18,4.57,5.31,4.72,4.54,6.12,4.88,5.81,4.7,6.27,36.2,65.01,8.6,5.39,7.81,5.98,5.47,5.85,7.69,7.82,7.29,7.52,9.32,8.46,6.23,7.45,7.56,6.57,6.98,7.78,10.03771411,8.331299686,7.996937521,9.744360191,Faostat
Algeria,kg,0.66,0.41,0.39,0.39,0.41,0.33,0.43,0.53,0.53,0.42,0.53,0.82,1.06,0.37,0.51,0.41,0.85,0.79,0.54,1.11,1.12,0.9,1.09,1.02,1.09,1.05,0.86,0.87,0.88,1.03,0.88,1.37,1.49,1.51,1.12,1.42,1.76,0.79,1.31,1.7,0.77,2.94,1.81,1.94,1.51,1.91,2.09,2.63,2.01,2.76,2.13,2.73,2.97,4.47028555,4.153239955,3.970270026,4.252319701,Faostat
Angola,kg,3.01,2.41,3.03,2.68,3.69,3.18,3.41,1.51,1.66,2.69,2.64,1.93,2.28,1.4,2.96,4.02,6.72,6.3,8.57,7.82,6.82,4.53,5.99,6.55,6.56,5.34,8.91,8.68,3.62,9.47,9.47,8.37,8.11,5.25,3.48,3.23,3.18,3.41,3.66,4.8,5.2,5.59,5.8,7.27,6.88,6.85,6.86,7.12,7.3,7.09,7.27,8.73,8.12,14.17872536,13.98632496,13.86843199,13.41526978,Faostat
Argentina,kg,3.68,3.27,4.22,4.82,5.31,1.8,3.55,4.78,5.54,6.11,3.29,6.22,4.82,5.98,5.67,3.74,1.24,3.24,3.77,2.48,3.03,3.84,3.48,4.86,4.42,4.92,5.65,5.92,6.13,5.53,4.12,6.84,3.05,4.32,4.7,6.31,5.98,4.31,5.69,5.28,6.13,5.64,7.38,7.86,6.2,6.45,6.81,7.92,7.81,8.21,7.81,8.09,8.77,12.88976904,13.33117994,11.99806343,12.12401615,Faostat
Armenia,kg,...,...,...,...,...,...,...,...,...,...,...,...,...,...,...,...,...,...,...,...,...,...,...,...,...,...,...,...,...,...,...,7.25,5.64,5.14,2.98,3,2.36,3.54,3.29,3.09,3.01,4.29,3.84,3.69,4.57,5.65,4.96,4.26,4.27,3.68,3.1,3.08,3.18,3.776949825,3.418150172,3.405824027,3.395829039,Faostat
Australia,kg,3.12,2.26,3.1,3.09,3.08,2.41,2.6,2.86,1.88,3.25,4.05,2.21,4.17,3.41,3.12,3.55,4.74,3.57,3.99,7.59,7.09,5.54,6.25,4.75,4.53,4.66,6.81,6.83,7.21,7.95,5.65,5.59,6.21,6.54,7.02,7.88,7.9,7.62,8.08,8.76,9.41,9.86,9.85,10,9.97,9.88,9.9,11.43,11.38,11.61,10.92,10.53,11.03,13.71631909,13.8982226,15.50169243,15.9337546,Faostat
Austria,kg,4.18,3.48,3.38,3.55,3.74,4.23,3.66,3.52,3.56,4.26,4.92,4.46,2.81,3.41,3.77,3.45,3.68,3.86,3.81,3.77,3.64,3.59,3.87,3.7,3.87,4.18,4.03,4.79,4.83,5.71,5,6,6.85,5.05,4.83,4.49,4.26,3.99,3.91,3.55,3.63,3.94,3.21,3,3.1,3.06,3.57,3.91,3.59,3.45,3.68,3.98,3.7,5.265402003,5.322411437,5.379625276,5.45605455,Faostat
Azerbaijan,kg,...,...,...,...,...,...,...,...,...,...,...,...,...,...,...,...,...,...,...,...,...,...,...,...,...,...,...,...,...,...,...,2.27,2.4,1.04,2.82,6.12,5.5,6.7,3.25,3.37,2.77,3.46,3.18,2.62,2.36,2.03,1.82,2.98,2.5,2.01,2.16,1.8,2.04,1.468262612,0.829072162,1.22978389,1.928144548,Faostat
Bahamas,kg,27.91,26.93,25.66,24.22,23.71,23.76,23.55,22.96,22.66,22.4,20.25,21.06,19.54,19.31,19.12,19.48,20.4,22.7,24.03,26.55,27.93,26.63,25.26,24.87,25.15,24.94,23.79,23.9,20.91,23.2,22.26,22.52,23.25,22.37,19.88,20.28,22.69,21.85,21.82,21.87,22.25,22.86,27.16,25.78,24.69,24.17,23.62,20.46,21.07,20.92,21.11,23.81,23.97,16.18887015,10.68947087,21.16833323,18.33665576,Faostat
Bangladesh,kg,171.93,170.98,171.74,168.6,165.72,162.36,146.6,159.91,158.36,165.84,150.5,137.65,133.51,148.89,138.46,154.43,145.64,148.57,155.45,144.23,147.38,147.68,146.99,145.48,141.75,153.82,155.27,149.7,147.23,159.25,159.94,156.09,151.41,151.05,153.22,152.85,148.56,153,162.73,163.94,172.9,172.94,175.95,174.21,169.41,171.11,176.07,174.27,173.13,172.79,172.62,172.47,171.73,266.597833,265.5445153,267.0006373,268.4841217,Faostat
Belarus,kg,...,...,...,...,...,...,...,...,...,...,...,...,...,...,...,...,...,...,...,...,...,...,...,...,...,...,...,...,...,...,...,2.73,2.54,1.47,0.29,1.39,1.21,1.8,1.99,1.8,2.31,2.61,5.36,3.01,2.66,3.16,3.46,3.45,2.87,3.16,2.91,2.7,3.17,2.857591907,2.748101802,2.85129574,2.854427677,Faostat
Belgium,kg,...,...,...,...,...,...,...,...,...,...,...,...,...,...,...,...,...,...,...,...,...,...,...,...,...,...,...,...,...,...,...,...,...,...,...,...,...,...,...,4.08,3.48,4.66,4.11,8.24,8.18,8.13,8.01,7.93,9.54,9.24,8.45,8.87,8.61,9.545852073,9.579397059,9.61926932,9.933927951,Faostat
Belize,kg,16.11,17.4,18.91,20.5,22.56,23.71,23.74,26.95,27.28,27.15,26.98,27.72,27.64,27.69,27.83,27.38,27.59,29.12,29.4,30.93,30.61,28.5,28.18,22.6,21.67,17.4,19.11,21.35,14.6,22.65,27.98,27.24,26.7,25.27,26.07,29.44,30.5,30.28,30.32,30.6,31.04,28.61,29.02,32.47,29.57,29.93,33.17,31.83,32.72,32.32,30.5,25.19,28.42,39.61897862,41.55976571,40.7167229,39.91750383,Faostat
Benin,kg,1.18,1.98,1.74,2.14,2.76,2.69,2.65,1.65,2.96,2.18,3.12,4.58,4.16,2.07,3,4.81,5.96,1.84,3.05,5.28,6.03,9.14,10.67,12.05,7.95,9.27,8.99,9.78,12.43,15.97,18.88,13.98,18.33,17.43,20.81,20.94,14.58,13.52,10.28,9.46,14.22,17.51,21.34,35.49,42.18,48.94,48.73,53.2,55.45,52.44,56.7,55.25,53.44,77.47763915,76.11600722,75.42260574,74.8085581,Faostat
Bolivia,kg,7.23,8.77,7.46,7.97,8.55,8.9,8.95,11.34,10.2,11.18,12.5,11.4,12.11,11.44,13.93,13.33,13.11,12.41,10.75,11.02,10.63,10.98,12.07,18.28,17.37,17.17,16.79,16.44,21.57,17.89,19.64,19.63,18.57,20.53,21.05,23.47,23.25,21.4,20.29,21.67,22.7,21.93,23.66,25.92,27.38,29.25,24.62,24.28,25.28,26.17,26.13,26.98,26.99,41.18986595,40.93937183,41.06302658,41.09765401,Faostat
Bosnia and Herzegovina,kg,...,...,...,...,...,...,...,...,...,...,...,...,...,...,...,...,...,...,...,...,...,...,...,...,...,...,...,...,...,...,...,0.35,0.42,1.6,0.29,0.35,0.9,1.04,0.6,0.67,0.76,1.06,1.37,1.77,1.89,1.82,1.89,1.7,1.69,1.84,1.9,1.99,1.88,3.159007796,3.207593716,3.248418685,3.282079191,Faostat
Botswana,kg,...,...,...,...,...,...,...,...,...,...,...,...,...,0.53,0.69,1.08,1.1,1.06,0.99,1.5,1.47,1.89,2.06,2.88,3.34,4.05,4.49,4.85,5.15,4.48,4.3,6.46,7.32,6.16,4.82,7.02,7,6.71,7.27,5.76,10.45,7.51,10.29,11.06,11.66,12.79,14.35,13.3,9.7,11.02,10.92,10.56,7.06,12.92720214,12.73154916,12.96341308,12.69797504,Faostat
Brazil,kg,38.27,39.32,39.51,41.25,39.71,41.54,39.63,39.57,38.74,38.72,38.51,38.02,36.32,36.21,38.29,40.04,41.16,40.39,40.63,39.24,39.52,40.82,40.27,39.67,38.5,39.85,40.03,40.28,40.38,40.69,39.36,38.55,41.5,39.26,32.31,37.57,37.12,39.72,39.65,38.24,35.41,34.37,35.92,38.34,39.25,34.65,33.26,33.26,34.57,33.53,34.16,31.76,32.13,46.47280532,47.14098439,40.39035975,48.48104008,Faostat
Brunei,kg,76.04,74.34,76.67,68.69,77.85,71.31,80.38,78.2,78.06,76.28,73.66,73.92,72.38,73.41,72.43,68.97,66.35,64.56,63.66,61.85,64.16,63.15,61,59.65,59.57,64.92,63.75,64.48,66.67,65.26,65.72,66.72,65.37,66.11,67.29,69.93,74.8,73.1,71.99,75,71.57,73.02,74.18,74.73,76.22,80.42,76.36,75.13,75.73,76.31,76.66,76.77,76.67,...,...,...,...,Faostat
Bulgaria,kg,3.62,3.69,4,3.89,3.79,3.9,3.78,3.99,4.1,3.89,3.79,4.09,4.19,4.41,4.52,4.83,4.11,4.31,4.2,4.41,4.3,4.21,4.41,4.41,4.52,4.33,4.45,4.44,4.27,4.54,3.03,4.61,3.82,4.8,4.18,4.35,3.76,2.69,2.15,3.13,3.63,3.3,3.64,3.97,3.86,3.89,2.93,2.08,2.87,1.66,2.41,2.09,2.24,4.291288214,4.59738665,2.104429656,2.402505276,Faostat
Burkina Faso,kg,4.18,4.65,3.92,3.7,4.34,3.59,4.24,5.03,4.67,4.57,3.99,3.73,3.82,3.58,4.91,5.67,6.74,4.71,7.51,8.39,5.57,8.56,8.64,14.3,18,14.68,10.71,12.78,14.12,11.6,12.26,12.59,12.02,20.05,15.87,23.94,22.76,18.87,24.25,20.55,22.02,22.9,16.91,18.12,13.88,20.75,16.19,17.71,22.26,21.11,20.48,21.28,21.43,30.70619297,32.411929,34.96662886,35.89806326,Faostat
Cambodia,kg,156.24,153.63,159.22,150.72,153.14,153.95,152.29,155.85,155.32,162.29,159.4,157.17,154.59,152.46,124.14,119.21,120.63,129.23,135.35,133.79,141.79,148.61,156.15,159.82,154.11,149.25,163.81,159.19,160.45,166.29,178.27,172.85,174.23,175.35,174.52,156.93,156.07,163.52,163.6,167.42,160.28,161.78,156.05,151.06,157.18,158.01,158.48,158.93,158.44,159.85,159.23,158.26,159.1,241.1861961,239.6685616,238.1663663,238.0474537,Faostat
Cameroon,kg,1.44,1.61,1.99,2.11,2.35,2.32,2.82,3.42,3.39,2.47,3.36,3.46,3.59,3.3,3.82,4.83,5.94,6.62,7.62,6.87,5.73,5.09,7.02,8.11,9.28,8.78,8.04,8.88,10.35,10.25,5.46,8.74,8.62,8.87,8.5,10.16,11.33,9.61,12.29,9.9,17.32,17.21,18.52,18.87,19.93,19.54,19.27,20.04,20.99,20.79,21.84,22.9,23.85,36.76948263,38.84390912,35.44180149,36.39165727,Faostat
Canada,kg,1.7,1.7,1.98,1.93,2.92,1.84,1.95,2.12,2.22,2.38,3.22,3.05,2.97,2.47,2.66,2.8,2.91,3.03,3.32,3.35,3.76,4.04,3.99,4.11,4.18,4.65,4.72,4.66,4.6,4.86,5.22,5.44,5.82,5.62,6.32,6.61,7.69,7.34,7.52,7.39,7.02,6.42,5.95,8.39,8.43,8.99,9.21,9.79,9.18,8.91,9.2,9.07,12.65,13.65787338,13.02414918,14.45603478,12.83338936,Faostat
Central African Republic,kg,1.21,1.24,1.17,1.48,2.13,2.3,2.21,2.5,3.24,3.35,2.13,1.98,2.31,3.78,3.71,3.32,4.43,3.74,3.59,3.84,3.21,3.41,4.09,3.74,3.65,3.69,3.87,3.59,3.46,3.11,2.99,3.07,2.76,2.83,2.88,1.37,3.33,3.84,4.02,4.35,5.19,5.19,5.47,3.56,5.77,6.49,6.79,7.26,6.13,6.89,6.73,6.4,7.39,10.97628205,6.231679142,6.390926823,6.309803062,Faostat
Chad,kg,4.72,4.47,,5.56,5.94,6.64,5.61,5.94,6.09,6.29,7.31,6.9,6.37,5.51,5.64,5.64,4.76,3.1,4.43,6.63,5.91,3.84,2.74,2.8,6.09,4.85,5.01,9.13,11.03,10.66,9.29,9.7,9.79,9.81,9.03,8.33,9.32,9.35,7.96,8.91,7.92,9.08,7.1,7.04,7.55,6.34,7.03,9.39,9.33,9.21,8.89,10.06,10.81,21.00477167,14.38596961,14.21541421,16.84784089,Faostat
Chile,kg,9.55,6.76,7.39,7.94,7.43,8.46,8.19,7.98,7.68,5.91,7.01,7.1,6.1,9.08,6.69,6.58,7.45,7.58,7.42,8.56,8.4,9.05,8.74,8.98,8.41,8.6,8.14,8.01,7.29,7.17,7.8,7.65,6.82,7.75,6.38,7.37,7.26,6.57,6.73,6.82,7.11,7.06,7.42,8.24,8.31,8.64,8.96,9.62,9.28,8.04,8.16,9,8.85,13.17644059,13.24477071,13.67450247,13.26444125,Faostat
China,kg,40.38,46.38,53.89,60.22,62.96,65.86,63.79,62.37,60.65,68.85,69.66,69.06,70.47,70.4,70.59,70.39,71.65,75.25,76.54,75.36,74.96,84.03,86.48,85.86,85.52,83.85,82.26,80.2,79.07,81.76,73.45,73.58,74.84,75.11,77.16,77.5,78.02,78.52,78.6,78.64,78.16,77.68,76.71,76.31,76.38,76.34,75.86,77.77,77.97,78.21,79.95,78.4,78.18,125.3626463,125.8026177,125.0801634,125.1146851,Faostat
Colombia,kg,19.07,19.26,19.53,19.74,20.99,21.64,21.56,22.39,20.01,22.37,24.87,27.65,27.77,31.82,32.67,31.98,31.27,31.51,31.76,33.43,34.46,35.59,35.61,35.2,35.42,34.67,35.21,33.81,35.07,32.86,31.56,30.19,27.36,30.29,28.26,29.12,29.95,28.64,29.18,29.48,29.13,29.36,29.26,29.52,27.91,28.1,28.27,28.19,28.18,26.82,27.28,27.18,28.02,41.34755911,45.34869008,53.30560335,55.22405674,Faostat
Congo,kg,2.6,3.16,3.9,2.75,3.34,4.48,4.66,5.89,4.23,2.72,2.76,4.04,3.93,3.88,2.39,1.99,1.5,1.43,3.51,1.68,1.66,4.12,3.74,4.76,5.42,4.68,3.1,3.91,3.12,5.04,8.89,11.87,8.5,11.07,12.91,6.53,8.85,12.29,12.07,11.89,12.67,13.83,12.6,12.81,16.88,18.87,19.46,18.56,18.38,18.46,17.41,18.03,16.51,25.54378173,25.12307734,26.70148701,30.52418836,Faostat
Costa Rica,kg,26.59,27.41,28.34,31.47,36.65,34.03,32.13,32.6,34.39,34.5,37.81,35.33,34.25,36.98,39.84,39.98,37.9,37.75,40.01,51.45,41.21,34.57,47.17,45.6,44.46,42.24,33.97,53.38,45.4,45.01,33.46,47.57,62.83,47.48,48.59,42.47,52.77,56.17,51.3,52.88,53.53,52.29,51.69,53.61,53.45,48.69,49.4,48.62,49.24,48.61,48.46,44.93,45.69,66.730756,65.39041896,73.27523566,63.43492012,Faostat
Croatia,kg,...,...,...,...,...,...,...,...,...,...,...,...,...,...,...,...,...,...,...,...,...,...,...,...,...,...,...,...,...,...,...,0.87,0.85,1.39,1.18,1.38,1.92,1.63,1.91,2,2.28,2.14,2.33,2.35,2.38,2.46,2.43,2.52,2.68,2.4,2.46,2.58,2.64,2.595325724,2.616802154,2.635141432,2.666969893,Faostat
Cuba,kg,41.07,43.24,42.49,45.46,39.12,22.25,23.59,28.15,35.85,46.88,53.73,47.6,42.11,55.95,47.85,45.51,41.73,44.24,41.03,50.86,46.49,49.94,50.11,49.75,53.36,50.39,47.1,45.9,52.01,47.43,48.11,46.22,44.54,48.75,49.31,52.2,55.09,55.83,59.8,59.56,59.66,76.75,59.53,66.66,65.54,65.81,63.51,60.88,62.12,55.79,63.65,66.15,67.7,97.63941675,88.47856342,86.98637896,73.81437317,Faostat
Cyprus,kg,5.61,5.92,6.57,3.77,5.24,4.61,6.01,4.19,5.55,5,4.41,4.2,4.84,3.76,1.72,2.52,2.53,4.43,4.59,2.88,3.43,4.3,2.73,3.33,3.09,3.27,3.33,3.44,2.5,2.8,2.77,3.89,3,3.78,3.27,3.51,3.72,3.89,3.81,4.06,4.04,4.4,6.41,3.65,4.54,5.11,5.58,6.69,4.48,5.96,5.14,4.89,4.94,5.206990906,5.168016524,5.12737686,5.086103494,Faostat
Czechia,kg,4.6,5.2,4.6,5.1,5,5.1,4.7,4.7,4.5,4.5,5,4.8,4.5,4.5,4.8,5.1,4.7,4.6,5.1,4.6,5,3.6,3.8,4.1,3.9,4,4.2,4.3,4.3,6,2.9,2.9,2.89,3.22,4.38,4.79,3.93,4.48,4.27,4.59,4.41,4.71,4.87,4.83,4.08,5.09,4.69,4.88,4.18,4.28,4.42,4.59,4.79,7.030647066,7.016839181,6.814095942,6.984797117,Faostat
North Korea,kg,84.17,88.8,95.53,98.63,80.65,86.23,73.26,73.39,86.03,83.53,83.33,77.64,85.92,76.05,75.53,90.23,85.19,72.15,87.8,71.16,80.91,49.94,55.9,57.3,51.26,60.1,53.79,47.33,55.66,69.7,69.22,69.9,71.18,75.64,78.95,78.77,79.07,80.55,77.97,75.78,76.42,77.01,78.06,78.36,78.63,77.77,76.26,75.01,74.48,74.15,74.71,74.79,74.18,114.2558724,113.7237574,113.9970835,110.6575053,Faostat
Denmark,kg,1.28,1.36,1.4,1.29,1.35,1.35,1.31,1.38,1.27,1.4,1.94,1.75,1.76,1.59,1.47,2.22,1.75,1.52,1.76,1.85,1.96,1.88,1.92,2.18,2.51,2.63,2.74,2.72,1.21,1.34,1.5,1.27,1.38,1.38,1.21,1.13,1.11,1.74,4.06,3.15,3.34,3.65,4.44,4.39,5.25,6.21,4.96,4.63,4.99,4.92,5.53,5.36,4.96,5.315873642,3.870865805,4.36451752,4.509989627,Faostat
Djibouti,kg,36.36,29.79,27.72,28.7,29.57,30,29.24,35.01,28.2,32.69,32.72,27.93,26.18,24.39,30.15,30.91,24.46,29.55,29.9,28.61,28.99,30.87,29.98,31.82,34.65,37.64,36.86,38.14,37.6,38.82,37.84,36.9,38.94,42.11,41.57,42.01,42.59,42.43,40.87,41.34,41.66,41.7,41.62,42.43,41.42,42.26,42.55,43.18,44.05,44.39,44.44,43.54,43.46,44.50838816,44.85786621,45.20421002,45.54602267,Faostat
Dominican Republic,kg,22.86,20.72,28.71,28.03,29.35,28.56,26.95,28.57,27.43,28.38,28.53,31.24,35.06,40.34,41.67,43.78,42.62,44.42,46.11,48.18,49.23,49.31,50.65,50.12,49.83,52.53,45.49,42.46,46.19,47.39,47.23,44.75,43.07,42.69,43.23,41.72,42.37,42.07,42.62,44.62,46.98,41.92,34.03,41.33,46.99,48.4,46.17,44.99,48.65,49.14,49.44,51.21,52.49,75.55201668,74.89052124,75.88188893,75.1442651,Faostat
Timor-Leste,kg,76.51,75.6,73.67,72.19,73.16,75.28,76.26,78.05,73.14,70.78,69.2,68.53,68.98,69.43,71.28,73.21,75.66,76.89,77.43,74.96,76.65,76.87,77.24,77.77,74.28,73.96,75.66,73.67,76,54.88,58.78,55.18,52.93,50.04,52.32,54.16,52.79,53.35,52.76,61.4,63.97,62.22,65.32,59.74,62.19,59.04,61.12,60.7,60.74,65.28,66.37,67.85,64.2,99.63102459,98.63796023,96.77771226,94.91176423,Faostat
Ecuador,kg,21.34,21.93,21.85,22.49,24.06,25.03,24.26,23.46,24.21,23.72,22.98,23.12,24.38,23.82,24.84,25.29,25.91,25.85,28.38,30.35,31.77,31.06,26.06,33.42,30.59,37.75,39.11,44.98,44.97,42.67,39.63,47.96,58.05,62.22,55.48,55.23,45.59,46.83,51.03,55.48,43.27,46.48,45.62,42.1,45.46,44.69,43.78,43.77,44.2,44.46,44.44,45.16,45.07,61.93645971,63.40973384,68.27918741,60.11192137,Faostat
Egypt,kg,22.47,21.21,21.45,23,23.69,23.68,23.23,23.31,23.36,24.01,24.92,25.48,25.94,26.39,26.73,26.71,26.2,26.35,26.25,26.43,26.16,25.82,27.45,26.93,26.09,25.53,25.61,22.76,27.3,30.85,32.88,34.31,36.49,38.73,41.22,41.31,40.72,39.54,40.37,40.59,39.89,44.95,43.28,41.16,36.79,39.16,39.87,40.36,39.02,36.57,39.51,40.35,39.77,54.88546555,52.80036144,53.59615652,52.87083227,Faostat
El Salvador,kg,4.28,4.7,4.78,4.87,5.2,5.13,5.85,7.84,8.03,7.66,7.12,6.4,6.32,6.16,6.03,6.32,6.43,6.09,7.69,8.42,8.69,7.99,8.54,9.1,9.83,9.21,9.6,8.75,9.23,8.27,10.53,8.47,9.45,9.46,7.65,8.45,9.17,9.7,8.84,10.81,10.6,11.32,11.29,9.34,10.04,10.75,10.2,10.78,10.01,10.38,10.04,8.86,10.53,14.45563265,14.54517629,14.63152855,14.71480516,Faostat
Estonia,kg,...,...,...,...,...,...,...,...,...,...,...,...,...,...,...,...,...,...,...,...,...,...,...,...,...,...,...,...,...,...,...,0.09,1.19,0.6,1.47,2.8,2.3,2.18,2.59,2.23,2.66,2.69,2.78,2.79,1.92,2.36,2.3,2.84,1.9,2.62,2.5,2.67,2.56,2.282158465,3.040883924,2.279999088,2.277240349,Faostat
Ethiopia,kg,0.04,0.04,0.11,0.06,0.06,0.27,0.04,0.03,0.03,0.03,0.03,0.03,0.01,0.01,...,0.04,0.02,0.1,0.06,...,0.19,0.12,0.5,0.22,0.27,0.23,0.27,0.2,0.76,0.19,0.2,0.23,0.38,0.31,0.15,0.21,0.19,0.23,0.28,0.2,0.22,0.28,0.41,0.35,0.35,0.5,0.66,0.85,1.17,1.21,1.47,1.84,2.25,4.383538675,4.095781669,4.536527983,4.624063366,Faostat
Fiji,kg,44.83,41.96,41.03,39.05,40.62,40.06,34.64,32.31,30.23,38.38,35.77,34.74,45.52,41.64,49.95,41.48,41.38,41.17,45.36,36.99,38.09,41.44,37.91,38.81,38.71,45.15,43.77,41.77,41.36,43.68,49.91,51.87,54.05,51.74,41.28,45.23,47.07,43.8,42.85,42.39,43.25,45.38,45.42,45.02,45.17,44.56,44.13,48.68,50.44,52.42,43.26,36.97,45.62,66.94004365,66.77165934,67.62906262,66.0998792,Faostat
Finland,kg,1.92,2.47,2.34,3.21,3.26,2.93,3.24,3.4,3.06,3.66,2.95,2.74,2.96,2.77,3.42,2.07,2.25,2.3,2.21,3.17,3.1,2.96,2.99,2.27,3.46,2.94,3.85,3.9,4.27,3.97,3.7,4.88,4.64,6.47,2.16,3.87,4.45,4.02,4.08,4.18,4.45,5.03,4.39,3.62,4.58,4.46,4.73,4.8,4.37,4.41,4.5,4.36,4.42,4.394387488,4.379936896,4.549339682,4.538676239,Faostat
France,kg,1.83,1.92,1.45,1.84,1.89,1.74,1.93,2.14,2.26,2.33,2.34,2.6,2.6,2.6,2.89,3.14,2.84,2.91,3.33,3.5,3.58,3.67,3.61,3.66,3.78,3.71,3.69,4.14,4.01,3.59,4.04,3.56,3.23,3.65,3.3,3.39,4.38,4.6,4.85,4.89,5.03,5.05,5,4.85,5.28,5.12,5.91,5.59,5.52,5.36,5.67,5.31,4.88,7.042458803,7.393129607,7.463569687,7.561490911,Faostat
Gabon,kg,2.84,4.61,3.51,3.44,3.5,3.5,3.36,3.17,3.77,4.68,4.9,4.57,3.56,5.03,7.05,9.62,11.83,11.56,9.34,6.34,10.74,12.83,12.78,15.83,17.27,13.39,15.67,15.41,15.16,15.03,24.62,26.76,28.35,31.65,37.38,38.24,39.08,38.31,38.16,37.81,37.21,37.31,37.65,37.64,37.28,35.4,34.22,37.6,33.84,33.57,34.42,36.97,37.07,50.96079681,50.82944411,49.30568629,50.36778167,Faostat
Gambia,kg,59.21,62.36,66.2,68.8,70.92,67.45,71.4,66.13,67.87,69.47,68.06,63.42,58.86,57.69,78.11,72.98,79.55,79.18,72.37,72.88,86.81,81.15,76.37,85.86,98.02,83.77,82.57,87.19,83.59,83.57,87.95,69.6,71.86,72.4,75.5,76.22,75.32,42.6,50.45,54.08,50.37,43.92,32.81,34.78,39.48,44.4,58.51,65.08,67.81,69.61,69.32,62.99,61.84,88.43711849,65.68034288,63.28130307,57.81652288,Faostat
Georgia,kg,...,...,...,...,...,...,...,...,...,...,...,...,...,...,...,...,...,...,...,...,...,...,...,...,...,...,...,...,...,...,...,0.37,0.28,0.83,0.96,0.38,0.65,0.65,0.28,0.06,0.04,0.41,0.1,2.19,0.91,1.68,1.9,1.73,2,2.3,2.41,1.82,2.64,2.419736012,2.684364863,2.414483683,2.4141605,Faostat
Germany,kg,1.49,1.74,1.69,1.49,1.81,2.27,1.66,1.5,1.56,1.49,1.58,1.75,1.66,1.57,1.69,1.65,1.71,1.56,1.76,1.92,1.82,1.86,2.03,1.93,2.1,2.15,2.31,2.34,2.4,2.21,2.13,2.23,2.18,2.27,2.22,2.35,2.32,2.4,2.45,2.49,2.53,2.48,2.45,2.46,2.53,2.69,2.92,3.01,3.09,2.93,3.27,3.32,3.34,4.791158584,4.872279498,4.893825303,4.718293557,Faostat
Ghana,kg,7.15,8.52,5.62,6.67,6.45,9.14,8.83,8.26,7.44,8.91,7.79,7.24,9.32,8.38,4.06,3.86,6.47,10.21,8.28,7.18,5.69,5.26,6.31,7.19,8.42,8.07,9.1,8.93,8.7,10.97,18.34,16.17,17.03,19.28,15.84,10.19,8.11,8.77,11.48,16.01,23.25,24.29,22.66,22.84,22.81,25.11,25.39,27.56,29.34,32.83,31.96,32.08,32.03,39.92730072,40.10886775,40.23601336,40.93200809,Faostat
Greece,kg,4.95,5.24,5.42,5.42,5.57,4.64,5.38,5.31,5.18,4.66,4.17,4.16,4.61,5.47,4.67,4.11,4.42,4.25,3.73,4.2,4.85,5.17,5.32,4.71,5.4,4.79,4.78,4.95,4.63,4.98,4.41,5.87,5.85,3.65,7.83,7.64,7.23,6.29,7.67,6.74,7.42,7.43,7.7,7.39,7.47,3.98,4.65,8.1,7.11,5.38,7.23,5.64,6.64,4.773965144,7.115870304,5.660742777,3.998259734,Faostat
Guatemala,kg,1.4,1.82,2.05,2.33,2.3,2.45,2.35,2.35,2.26,2.94,2.74,3.12,3.09,3.05,3.11,2.93,3,2.89,4.46,4,3.45,4.41,3.41,3.51,2.29,4.22,3.92,3.76,3.45,2.69,3.19,7.26,4.85,3.57,4.34,2.41,2.75,1.67,4.01,4.89,4.6,6.75,5.23,6.56,6.54,7.02,5.88,5.61,4.81,5.5,5.35,5.93,5.66,8.493225934,8.479247588,8.655716659,9.32405685,Faostat
Guinea,kg,34.86,27.8,41.74,41.99,48.65,43.32,38.78,41.11,38.45,43,42.38,44.42,46.67,49.77,52.86,50.99,56.31,61.39,67.78,65.79,73.91,71.68,73.65,69.51,72.06,77.11,81.3,98.74,95.29,91.48,89.3,93.18,91.48,95.25,94.35,87.79,83.17,81.62,84.33,86.83,89.71,89.39,84.78,83.03,84.78,92.59,92.92,99.83,98.85,96.75,96.06,96.04,97.12,152.1840701,147.1296252,153.4276208,152.7240569,Faostat
Guinea-Bissau,kg,51.44,47.04,47.58,51.64,54.92,57.01,59.15,46.36,57.72,49.84,63.5,54.11,60.8,64.52,67.09,62.53,59.28,62.49,69.18,67.56,82.23,78.99,92.5,88.05,95.09,87.59,96.09,94.07,96.1,104.62,110.03,113.49,108.19,107.34,107.16,100.58,100.13,98.95,95.75,96.73,96.68,97.95,97.35,86.33,79.43,76.1,82.08,85.39,91.21,91.71,94.56,98.04,98.09,126.4451828,124.9131508,132.4032194,136.7505659,Faostat
Guyana,kg,62.67,66.31,68.6,60.54,59.46,59.08,57.9,60.01,55.5,69.48,70.5,66.26,65.11,76.19,76.06,78.04,76.48,76.12,81.88,83.73,85.6,123.13,132.89,138.97,140.38,112.44,93.43,85.82,86.81,91.57,87.17,90.95,89.56,89.1,87.57,85.54,78.62,79.58,80.33,78.62,79.56,81.97,81.61,81.37,78.34,78.4,80.63,81.33,78.83,75.73,76.16,76.35,76.58,113.9681754,113.3649452,112.7873647,114.8064157,Faostat
Haiti,kg,8.17,8.79,9.2,9.6,9.96,10.31,10.25,10.04,10.66,10.07,9.98,11.27,14.78,13.39,13.68,16.48,17.21,17.71,16.21,15.32,14.58,15.08,14.16,13.24,13.12,14.93,13.68,12.63,14.03,26.49,22.94,21.82,30.62,31.44,31.55,34.81,36.19,32.35,35.17,36.73,35.19,39.07,45.41,36.41,43.07,44.16,42.07,42.3,42.31,43.76,43.3,43.07,42.75,67.58930011,68.90722675,68.35808493,65.4685825,Faostat
Honduras,kg,4.15,3.24,3.34,3.08,3.52,4.67,5.58,5.33,5.57,6.43,4.92,4.58,4.71,4.69,5.25,5.91,6.04,6.63,6.99,6.92,7.47,4.57,6.91,6.87,6.45,3.89,8.61,3.34,6.44,5.58,6.36,6.86,5.82,9.37,5.69,10.04,9.58,7.25,10.41,11.44,14.56,9.69,14.11,15,14.05,14.92,14.72,14.97,15.14,15.4,15.92,15.8,14.42,21.21582535,21.39822827,22.11245337,21.7413991,Faostat
Hong Kong,kg,103.1,92.92,97.68,95.74,95.87,85.44,90.85,84.08,87.1,83.98,79.91,85.75,85.15,83.98,90.45,77.87,71.44,69.31,67.63,72.59,69.55,66.37,68.64,74.15,66.87,67.3,65.87,62.41,63.41,62.68,65.61,61.02,60.67,56.26,55.64,56.71,54.94,52.35,47.98,50.62,48.25,51.07,50.41,48.63,49.2,48.19,49.24,48.2,47.2,47.4,47.8,47.5,47.6,...,...,...,...,Faostat
Hungary,kg,2.47,2.41,2.46,2.67,2.47,2.74,2.47,2.54,2.73,2.74,2.73,2.8,2.87,2.87,2.87,2.68,2.74,2.6,2.39,2.26,2.33,2.4,2.28,2.42,2.49,2.57,3.11,2.64,3.06,2.8,3.47,3.73,3.71,3.17,3.31,3.17,3.49,3.15,3.87,3.09,3.4,3.99,4.05,3.94,3.87,4.31,3.94,4.27,3.32,2.56,2.77,2.51,2.15,3.243308548,5.079737658,5.502330696,6.232142613,Faostat
Iceland,kg,1.72,2.11,1.74,2.16,2.23,1.49,1.67,1.82,1.82,1.36,1.67,0.95,1.81,1.83,1.57,1.73,0.73,1.31,1.32,1.47,1.28,1.12,1.32,1.45,1.07,1.49,1.36,1.97,1.89,1.92,2.1,1.82,2.08,2.39,2.42,2.55,3.34,2.78,2.99,3.18,3.51,3.75,3.55,3.18,3.44,3.23,3.62,4,3.12,3.73,3.59,3.45,3.89,3.05449836,3.022837538,2.981167962,2.912055911,Faostat
India,kg,66.76,69.32,66.65,67.02,61.96,60.63,66.38,68.71,68.36,69.51,65.67,64.23,63.88,62.23,68.24,63.05,70.31,69.81,61.26,63.81,63.42,65.11,69.6,68.39,70.84,68.27,71.61,78.03,79.13,78.16,76.8,73.34,76.23,76.11,75.2,74.69,74.2,73.7,73.94,72.62,70.46,68.99,67.92,70.04,71.57,70.76,71.2,72.24,71.69,72.1,70.82,70.3,69.49,99.26283094,98.11454056,103.0941651,103.2146088,Faostat
Indonesia,kg,84.4,81.09,81.66,80.48,82.25,86.34,87.54,91.33,101.23,103.97,109.87,113.22,110.93,111.35,117.01,117.31,116.67,117.48,124.47,124.97,126.93,134.29,131.05,132.88,140.57,134.6,143.02,145.83,148.48,131.26,129.91,131.82,132.26,129.28,131.04,134.2,133.35,134.66,136.57,129.54,127.59,127.46,126.62,125.88,125.14,125.09,126.5,128.02,129.94,131.78,133.02,134.39,134.62,207.225331,211.7939089,211.6751988,207.677305,Faostat
Iraq,kg,14.37,14.87,14.93,15.96,16.71,17.35,17.61,18.11,18.73,18.93,18.66,18.88,19.1,19.01,17.67,20.95,24.73,25.29,29.94,31.31,32.03,32.63,34.08,37.86,38.01,39.88,41.42,41.17,41.95,37.26,28.01,28.98,28.94,24.49,24.43,23.18,29.43,29.44,31.66,38.72,37.81,36.97,33.98,33.75,31.73,35.49,36.53,37.56,36.65,33.46,39.17,42.94,40.54,56.4338858,47.22779983,46.24339727,45.74893226,Faostat
Iran,kg,16.68,23.71,22.74,23.44,26.37,27.8,22.86,23.32,22.72,23.2,24.25,27.86,26.98,31.86,36.38,37.17,42.88,33.56,28.94,29.69,36.19,32.53,29,31.44,32.01,29.97,34.46,19.05,33.85,30.12,33.88,37.43,39.04,28.69,44.32,36.42,29.76,31.62,30.73,30.05,25.29,35.45,35.81,30.36,29.89,29.63,28.81,27.77,25.51,29.11,25.23,26.61,29.95,41.26984139,40.9594797,42.26786462,42.55404177,Faostat
Ireland,kg,0.72,0.9,0.83,0.82,0.89,0.82,0.89,0.84,1.02,1.05,0.99,1.17,1.2,0.61,0.86,1.02,0.99,0.89,0.94,0.93,1.1,1.15,1.03,1.12,1.24,1.18,1.24,1.55,1.42,1.61,2,2.23,1.93,1.94,2.06,2.57,2.8,3.54,2.92,2.45,2.63,2.06,1.97,2.64,1.53,1.51,2.21,3.18,3.31,3.6,3.04,3.16,3,3.220445967,3.402838435,3.574932155,4.160263328,Faostat
Israel,kg,5.63,5.53,5.78,5.95,5.88,6.21,6.29,6.48,6.43,6.68,6.85,6.64,6.54,6.06,6.1,6.19,6.1,5.47,6.23,6.03,6.06,6.36,6.53,6.95,7.43,7.27,7.5,6.05,7.73,7.59,7.62,7.43,8.12,10.04,10.99,11.57,10.86,10.68,10.57,10.87,11.13,10.6,9.03,9.93,10.02,11.39,12.65,10.93,12.94,13.86,11.96,13.59,16.81,14.60618085,14.43896851,12.87151884,15.95262415,Faostat
Italy,kg,5.17,5.04,5.25,5.81,4.95,5.14,4.63,5.56,4.34,4.5,3.83,4.55,5.44,4.65,5.03,4.52,4.66,4.7,4.81,4.57,4.57,4.63,4.73,4.46,4.25,4.29,5.15,4.83,5.08,5.1,5.45,4.91,5.67,6.17,6.43,6.58,6.56,6.7,6.75,5.7,5.81,6.09,5.93,5.43,4.92,5.48,5.87,5.41,4.73,5.63,5.38,5.04,5.74,4.869290798,8.842332517,9.022308656,8.705461673,Faostat
Cote d'Ivoire,kg,29.64,32.5,31.77,36.61,43.94,41.84,46.37,46.16,46.65,44.45,46.96,49.04,49.62,43.13,39.02,40.32,47.95,48.11,58.91,61.13,63.25,62.85,65.39,59.88,57.76,57.64,56.76,58.31,56.78,55.58,55.37,54.73,56.72,55.17,56.58,59.51,51.03,48.11,48.37,50.66,53.51,52.24,55.67,63.16,60.66,62.19,68.4,66.19,64.45,65.01,62.8,62.65,63.56,92.50398893,93.90278577,97.46995369,98.08705687,Faostat
Jamaica,kg,13.26,13.3,15.18,17.53,18.52,17.82,19.05,13.53,14.97,18.35,17.65,17.8,19.64,19.77,21.17,20.36,19.46,20.03,19.96,20.19,21.57,21.58,21.26,22.2,22.99,21.58,19.21,16.26,24.18,27.25,17.13,25.68,20.33,23.78,27.73,28.1,22.06,22.61,22.83,23.95,21.98,27.49,26.13,24.68,25.81,26.43,25.94,26.33,28.17,25.69,25.12,26.55,23.45,33.73752277,38.39470029,34.40869687,39.02976122,Faostat
Japan,kg,112.78,114.04,113.08,111.45,107.16,101.29,99.13,95.96,92.87,91,89.07,88.38,87.69,86.62,85.07,83.28,80.33,75.84,74.16,73.37,72.26,70.94,70.24,69.82,69.24,68.21,66.9,66.05,65.52,65.18,65.06,64.86,64.31,61.48,62.96,62.45,61.96,60.55,60.53,60.02,59.14,58.26,57.08,56.67,56.6,56.22,56.39,54.19,53.69,54.39,52.16,58.7,59.85,84.10855149,82.75064692,82.41301075,82.09121405,Faostat
Jordan,kg,13.39,9.84,11.93,10.91,12.66,12,10.03,11.75,11.93,8.67,9.58,9.72,9.2,11.21,11.43,12.01,12.15,12.84,14.94,19.05,15.08,17.11,12.97,19.99,17.77,17.32,16.02,15.81,23.45,22.91,19.14,20.68,20.51,16.66,23.24,23.37,21.85,21.66,23.01,21.26,20.75,20.56,26.45,25.75,24.05,24.64,24.87,21.92,23.51,22,20.13,24.87,19.67,21.86387395,22.44627005,18.73504729,19.82456284,Faostat
Kazakhstan,kg,...,...,...,...,...,...,...,...,...,...,...,...,...,...,...,...,...,...,...,...,...,...,...,...,...,...,...,...,...,...,...,17.78,14.97,9.27,4.42,7.08,9.38,7.7,5.81,8.5,6.27,9.27,9.18,9.76,9.5,9.86,9.08,8.79,8.69,7.07,8.42,8.29,7.32,12.03126857,12.54075317,11.97029008,11.03240222,Faostat
Kenya,kg,1.23,1.25,1.38,0.91,1.33,1.31,0.79,1.23,1.09,1.67,2.55,1.92,1.48,1.64,1.53,2.62,1.81,1.68,1.55,2.4,2.1,4.06,4.05,1.69,1.28,4.23,3.09,1.94,3.01,1.84,3.51,0.05,0.84,3.03,2,2.22,2.97,2.98,2.86,4.56,5.31,5.18,6.53,7.16,7.43,8.11,7.55,7.06,7.91,8.16,10.28,11.98,12.94,19.29333586,18.67232696,17.38987515,20.13096236,Faostat
Kuwait,kg,25.29,27.04,26.88,26.22,24.65,30.46,34.02,36.07,38.84,40.15,39.21,40.44,39.56,40.15,39.51,40.33,41.37,42.26,43.83,45.31,45.91,44.17,45.96,45.92,47.51,48.21,49.52,50.79,51.49,40.59,48.17,41.73,42.73,46.09,50.2,50.68,50.54,48.76,54.05,52.83,55.85,56.79,53.09,54.19,55.75,54.7,52.93,55.28,58.57,61.58,64.39,63.53,43.83,47.68434266,53.18610862,50.54510367,52.02038805,Faostat
Kyrgyzstan,kg,...,...,...,...,...,...,...,...,...,...,...,...,...,...,...,...,...,...,...,...,...,...,...,...,...,...,...,...,...,...,...,1.74,1.68,1.42,1.51,1.96,2.02,2.47,2.72,2.92,2.34,3.37,3.82,2.63,3.15,8.87,8.25,9.83,8.85,6.27,4.97,7.44,7.31,8.739611002,8.393627558,8.059873345,8.06685812,Faostat
Korea,kg,182.27,178.21,181.88,184.66,182.39,185.57,184.15,182.24,177.55,181.24,182.01,180.72,181.2,179.63,179.21,177.21,182.08,169.67,163.34,162.16,159.68,162.14,159.12,157.27,164.08,165.89,166.5,154.17,159.08,160.03,163.54,162.66,164.26,161.66,162.72,162.88,161.11,159.32,159.19,159.64,159.87,159.95,160.82,161.7,163.24,164.01,158.85,159.62,160.47,161.61,162.27,158.24,159.11,247.1473756,255.5939927,271.4053832,267.3654123,Faostat
Latvia,kg,...,...,...,...,...,...,...,...,...,...,...,...,...,...,...,...,...,...,...,...,...,...,...,...,...,...,...,...,...,...,...,0.16,0.11,1.22,1.13,1.79,2.26,2.55,2.7,2.51,2.57,3.34,2.37,2.28,2.07,1.96,2.86,2.41,2.07,2.21,3.77,2.01,2.21,2.50779674,2.022728388,2.551623164,2.574336542,Faostat
Lebanon,kg,8.86,8.87,8.65,8.71,8.71,9.47,9.41,9.87,10.1,10.49,11.13,9.72,9.68,8.94,9.22,9.53,9.27,8.73,8.44,8.79,7.69,7.98,8.32,8.61,8.88,9.58,9.47,10.17,10.31,9.85,9.15,9.13,9.27,9.53,9.16,8.82,9.78,9.61,9.73,9.71,11.42,10.95,10.24,9.69,10.31,10.82,10.64,10.56,11.59,11.64,11.63,11.57,10.84,14.21487719,13.62380928,16.23405395,14.07754056,Faostat
Lesotho,kg,...,...,...,...,...,...,...,...,...,...,...,...,...,...,0.17,0.17,0.69,0.71,1.85,0.82,1.46,1.43,2.79,2.55,1.54,1.11,1.16,1.27,1.25,1.23,1.2,1.18,1.74,1.7,5.03,4.95,5.17,5.27,5.33,5.28,5.24,5.2,5.16,5.42,5.54,5.8,5.79,5.47,5.66,5.76,5.79,4.76,3.73,2.936213694,3.885360496,4.819181886,3.824947455,Faostat
Liberia,kg,74.19,78.2,85.67,92.6,87.07,98.44,87.42,97.59,86.96,110.83,115.36,108.12,113.13,111.67,99.24,106.11,117.69,112.79,118.34,118.87,127.31,128.09,114.65,125.62,114.16,117.68,118.39,114.6,128.27,91.85,106.31,90.7,82.44,63.13,29.46,39.81,40.41,50.9,48.3,56.2,59.79,58.77,51.12,50.58,60,65.95,73.34,86.57,89.56,88.14,90.81,91.11,94.75,103.2226572,103.7513956,102.4682196,104.4186751,Faostat
Lithuania,kg,...,...,...,...,...,...,...,...,...,...,...,...,...,...,...,...,...,...,...,...,...,...,...,...,...,...,...,...,...,...,...,0.16,...,0.9,0.79,1.9,2.28,2.49,2.41,2.93,3,2.65,2.03,2.97,2.75,3.59,3.12,2.62,3.03,3.37,3.24,2.9,3.07,3.069192908,3.098202698,3.137822581,3.182007656,Faostat
Luxembourg,kg,...,...,...,...,...,...,...,...,...,...,...,...,...,...,...,...,...,...,...,...,...,...,...,...,...,...,...,...,...,...,...,...,...,...,...,...,...,...,...,2.99,3,2.28,2.14,2.4,2.11,2.35,2.7,3.38,3.13,3.34,4.28,4.36,4.2,3.595059669,3.511211298,5.154515183,5.030720936,Faostat
Macao,kg,122.19,109.83,99.71,99.33,89.96,83.16,80.79,64.91,61.75,62.81,61.83,53.67,52.83,61.21,61.62,59.7,60.38,58.95,56.72,75.95,83.49,83.97,79.32,70.35,72.18,68.6,68.2,64.53,68.21,67.88,59.45,55.32,59.07,43.72,44.42,50.77,48.9,55.16,61.02,56.43,56.31,57.8,56.56,53.99,52.38,51.17,35.97,42.67,44.5,41.4,42.5,42.8,42.2,...,...,...,...,Faostat
Macedonia,kg,...,...,...,...,...,...,...,...,...,...,...,...,...,...,...,...,...,...,...,...,...,...,...,...,...,...,...,...,...,...,...,1.75,0.28,0.5,0.42,4.74,4.02,1.77,1.49,2.4,1.33,1.7,3.15,2.49,1.41,1.69,2.51,2.37,2.27,2.46,2.78,2.33,2.81,4.836827215,4.347351449,3.860091002,3.374303809,Faostat
Madagascar,kg,122.78,122.2,124.29,127.23,126.5,122.54,125.69,125.5,126.89,127.93,134.99,130.56,133.21,133.76,129.89,131.25,127.17,122.46,120.84,121.69,121.21,115.2,127.58,120.9,120.11,117.22,110.95,102.33,106.78,102.96,94.8,97.86,96.5,93.18,91.13,92.61,93.32,94.03,93.98,95.75,98.71,100.59,99.32,100.41,101.24,101.71,102.39,102.52,103.61,104.21,103.4,102.73,102.53,151.8446647,149.5827364,148.7484921,143.0554125,Faostat
Malawi,kg,0.78,0.49,0.47,0.52,0.48,1.39,1.54,1.13,2.1,2.23,2.83,3.82,5.63,5.22,8.11,9.43,7.26,8.57,3.5,2.56,2.27,3.13,2.33,2.94,2.89,2.96,2.72,2.98,2.89,3,3.02,2.75,3.09,2.93,2.99,3.54,3.73,3.96,4.25,4.23,4,3.95,4.2,4.18,4.15,4.56,4.74,5.37,6.25,4.56,4.74,4.45,4.75,7.550853154,6.270414304,4.882229863,6.734504824,Faostat
Malaysia,kg,120.61,127.94,128.41,122.75,117.69,117.6,118.5,115.51,119.74,120.65,125.8,121.25,124.83,126.62,121.29,117.56,106.49,106.7,111.26,108.63,109.32,104.44,96.89,93.28,82.95,82.48,80.02,77.89,79.21,83.12,80.72,86.8,85.96,87.51,86.8,87.06,87.3,87.5,86.73,84.19,80.16,74.51,75.17,75.26,80.54,79.51,80.12,80.33,80.07,80.29,81.05,82.49,81.25,109.1185252,119.9499256,118.8542076,119.6283965,Faostat
Maldives,kg,28.29,28.44,27.84,28,27.45,28.56,29.42,30.25,30.77,29.09,30.2,28.36,27.46,23.13,23.74,41.8,47.3,50.56,62.66,68.07,72.62,71.94,63.68,61.41,60.26,54.71,45.73,44.48,45.61,47.45,49.73,51.78,58.36,53.31,52.16,52.28,52.44,53.43,57.37,56.66,50.5,48.98,48.26,46.86,46.56,46.23,46.2,46.17,51.66,51.38,51.02,51.36,50.73,50.57261998,48.36078907,50.47265539,50.36281371,Faostat
Mali,kg,11.28,15.76,16.2,18.7,15.45,16.15,16.08,17.01,16.24,14.47,17.99,16.9,23.27,22.95,19.2,18.45,17.21,18.92,17.17,28.12,21.5,21.37,21.77,26.89,32.03,34.78,24.06,28.07,29.34,27.18,28.39,37.4,35.72,30.08,35.08,47.33,40.97,50,49.99,51.78,51.05,48.91,48.92,51.58,53.01,52.97,53.4,57.43,58.3,57.33,57.6,55.67,56.99,74.22842739,73.45700718,80.32084699,81.40476866,Faostat
Malta,kg,2.27,2.85,2.58,2.6,2.32,2.35,2.49,2.83,2.81,3.17,2.74,2.84,2.98,2.71,3.48,3.03,3.36,3,3.08,3.49,3.13,2.44,3.19,3.03,2.86,2.85,3.09,3.49,3.92,3.13,2.56,4.21,3.91,4.58,3.69,4.69,4.48,4.03,4.77,4.73,4.89,4.99,4.6,3.86,5.31,5.06,4.2,2.88,5,4.63,4.43,4.67,4.96,4.602377588,4.4938468,4.392167886,4.273513405,Faostat
Mauritania,kg,9.76,9.71,9.71,9.7,9.38,9.6,9.25,10.41,12.83,12.4,13.8,14.71,15.38,14.27,16.37,22.24,23.68,36.7,28.83,34.05,36.09,32.56,40.51,43.97,47.57,52.19,51.11,50.95,53.71,48.43,41.63,48.66,48.44,36.65,43.36,40.66,69.16,54.08,58.26,47.23,25.93,25.18,26.41,28.8,30.36,33.7,30.86,39.85,40.44,40.59,43.07,41.52,48.43,68.43227011,59.0662491,54.04065587,53.00540655,Faostat
Mauritius,kg,91.9,93.34,89.96,89.06,85.19,86.88,80.28,72.27,64.96,69.85,70.02,70.26,70.91,75.02,78.94,77.8,76.47,74.09,83.04,73.64,69.29,71.97,69.86,69.61,68.89,69.54,68,66.39,66.23,68.22,66.8,64.04,65.45,58.63,60.05,58.47,56.99,56.29,56.07,55.41,56.83,52.8,47.81,56.06,51.43,51.24,51.76,53.76,59.28,60.24,51.79,45.71,45.56,57.89359316,65.73710701,60.94313056,56.93441393,Faostat
Mexico,kg,3.29,3.36,3.74,3.25,3.98,4.27,4.37,4.47,4.4,4.48,4.44,4.43,4.9,4.82,4.88,4.82,4.88,4.28,4.72,4.68,5.67,4.56,4.78,5.58,5.9,4.43,3.13,4.58,4.92,4.08,3.08,4.35,4.64,4.98,4.39,5.26,5.36,5,5.36,5.44,5.18,5.06,5.51,5.13,5.38,5.99,5.82,5.25,5.55,5.32,5.74,5.23,5.64,8.607858591,8.206255972,8.367564469,8.91988982,Faostat
Moldova,kg,...,...,...,...,...,...,...,...,...,...,...,...,...,...,...,...,...,...,...,...,...,...,...,...,...,...,...,...,...,...,...,...,0.03,0.47,1.19,2,5.01,1.65,0.86,1.74,2.12,4.3,3.94,2.9,3.47,3.38,4.27,1.89,2.9,3.52,2.82,3.09,2.95,5.600378026,5.644674779,4.639261715,4.718422682,Faostat
Mongolia,kg,0.6,1.94,1.88,4.01,2.74,3.7,3.34,3.49,3.79,5.88,4.46,5.06,5.12,2.39,2.58,5.03,5.76,5.5,5.42,6.09,6.79,6.83,7.58,5.39,7.39,6.4,6.7,7.27,6.09,8.57,6.5,1.97,14.64,0.69,3.54,3.34,3.26,3.03,3.18,5.52,4.15,7.25,5.83,6.74,6.5,7.08,6.07,5.52,4.66,7.16,5.04,8.73,7.68,7.8228339,9.338210992,8.179670052,8.349958314,Faostat
Montenegro,kg,...,...,...,...,...,...,...,...,...,...,...,...,...,...,...,...,...,...,...,...,...,...,...,...,...,...,...,...,...,...,...,...,...,...,...,...,...,...,...,...,...,...,...,...,...,1.73,1.82,1.66,1.97,2.12,2.17,2.29,2.24,1.608208295,1.607306171,3.213868485,1.606753506,Faostat
Morocco,kg,0.5,0.46,0.42,0.48,0.55,0.8,0.79,0.71,0.96,0.6,0.39,0.47,0.34,0.4,0.57,0.58,0.74,0.69,0.57,0.69,0.85,0.53,0.83,0.87,0.96,0.92,0.94,0.71,0.61,1.21,1.8,0.53,0.69,1.27,0.61,1.96,0.76,0.46,0.78,0.91,0.89,0.65,0.4,0.69,0.94,0.73,1,1.04,1.22,1.33,0.6,1.94,1.1,0.848142734,1.644375854,1.451904634,1.939223226,Faostat
Mozambique,kg,6.58,6.05,6.6,7.76,6.53,4.98,5.16,4.69,5.73,6.22,6.84,6.09,7.11,7.08,6.05,7.15,10.2,9.81,10.59,10.52,9.12,10.42,10.15,9.21,11.91,8.67,10.15,8.56,9.71,8.93,7.24,6.63,7.53,7.7,7.76,9.33,8.31,9.29,7.49,9.1,8.69,9.28,11.53,12.93,17.26,18.84,19.67,20.36,21.1,21.51,21.17,21.5,23.41,34.31459376,37.01649149,40.06477918,35.9872857,Faostat
Myanmar,kg,109.71,111.18,109.23,110.19,115.02,103.2,106.16,107.31,105.92,106.67,107.5,104.98,109.61,110.92,111.94,113.23,113.44,114.62,115.19,117.13,116.74,116.82,116.88,114.93,106.43,101.57,105.83,104.09,102.59,119.36,120.86,121.49,122.59,124.6,126.92,127.93,126.78,127.18,126.79,130.31,131.74,132.63,133.68,128.82,127.85,130.03,126.11,129.41,121.41,124.5,125.07,129.63,132.8,187.3536174,184.7924489,186.1431418,178.2605958,Faostat
Namibia,kg,...,...,...,...,...,...,...,...,...,...,...,...,...,...,...,...,...,...,...,...,...,...,...,...,...,0.62,...,0.23,...,...,...,...,...,...,...,...,1.44,1.51,1.49,3.05,3.07,3.21,3.15,3.57,4.03,3.24,3.88,3.53,3.07,2.33,4.43,5.67,6.31,7.917565824,8.207694411,8.057525644,7.908023856,Faostat
Nepal,kg,77.94,77.47,76.02,77.7,76.96,75.02,79.15,81.01,80.99,80.95,78.82,78.84,78.48,77.39,74.24,80.24,85.44,86.25,83.29,82.99,85.58,80.81,86.76,91.7,90.23,85.8,96.57,103.61,103.43,90.24,90.65,88.83,88.4,90.08,89.33,90.18,91.66,89.48,91.25,89.29,88.69,87.5,86.91,89.5,86.74,86.12,86.55,82.59,86.99,87.39,86.73,88.11,87.75,137.5902206,139.0707167,139.4542066,139.6172836,Faostat
Netherlands,kg,2.67,2.52,2.42,2.43,2.89,2.89,2.94,2.99,3.02,3.03,3.03,3.11,3.17,3.31,3.74,3.58,2.58,2.54,2.6,2.77,2.57,1.69,2.22,2.18,2,2.65,2.44,2.24,2.33,2.64,2.69,2.76,2.84,2.95,2.97,6.54,2.9,3.34,3.32,3.52,3.6,3.59,3.12,3.27,2.95,2.75,2.84,2.77,2.79,2.6,3.14,2.88,2.93,3.26119027,3.896121606,4.051598814,4.319579791,Faostat
New Zealand,kg,1.29,1.13,1.69,1.87,2.13,1.85,1.34,1.72,1.11,1.5,1.71,1.68,1.97,1.98,2.06,1.86,2.28,1.87,2.26,2.36,2.24,2.47,2.42,2.5,2.74,2.78,3.21,3.52,3.69,4.27,4.75,4.87,4.87,4.96,5.7,6.01,6.85,7.34,6.99,7.34,7.67,9.39,9.41,9.67,8.83,9.16,9.12,9.46,9.53,10.1,6.99,9.07,9.16,10.40628805,10.19655487,9.970089731,10.59498089,Faostat
Nicaragua,kg,13.52,11.97,12.17,16.93,17.47,17.81,21.11,20.01,20.33,17.03,16.09,15.6,16.36,16.46,16.15,15.85,15.73,17.33,25.14,27.47,30.08,31.3,32,30.6,29.58,28.35,27.75,29.07,27.92,27.04,27.02,25.97,32.84,38.47,41.04,44.98,47.87,48.47,45.14,47.05,48.39,50.36,53.57,52,51.63,40.58,41.67,43.17,43.57,43.35,43.26,43.35,43.33,65.44317237,66.68558502,68.6868751,68.75658493,Faostat
Niger,kg,2.06,2.09,2.41,1.87,2.43,3.4,3.61,5.04,5.42,5.28,5.02,3.81,4.17,5.28,3.79,4.03,4.28,6.24,7.38,7.67,7.96,9.77,9.46,9.52,13.99,10.89,12.05,8.78,10.4,10.24,10.57,10.1,11.01,5.97,8.14,9.27,13.53,12.62,11.4,11.41,13.13,20,19.95,20.21,18.94,15.83,14.36,13.98,12.94,9.9,10.89,10.98,13.17,21.93326446,20.59828725,23.08936802,25.55273056,Faostat
Nigeria,kg,1.61,3.21,2.35,2.59,2.7,2.2,4.31,3.82,3.43,3.54,3.94,4.47,4.73,5.06,3.78,3.49,9.53,12.25,13.86,14.66,18.15,16.25,16.12,13.71,14.18,13.17,16.2,15.4,20.64,20.66,22.25,22.46,20.71,16.54,18.42,19.39,22.73,21.29,22.56,21.96,24.76,22.15,22.45,21.53,20.35,21.07,23.22,24.35,25.37,28.55,30.14,28.08,28.23,47.23223978,38.62812381,47.26279021,46.32393559,Faostat
Norway,kg,1.47,1.84,1.61,1.57,1.58,1.67,1.59,1.47,1.56,1.5,1.55,1.56,1.8,1.8,1.17,1.88,1.75,1.92,1.7,1.97,1.92,2.06,1.92,1.92,1.96,2.24,2.6,2.15,2.41,2.6,2.68,2.82,2.78,3.24,2.73,3.68,3.72,3.64,3.61,3.67,4.31,4.16,4.2,4.84,4.26,4.27,4.43,4.59,4.66,4.75,4.74,4.36,4.36,4.477119196,4.625518949,4.584948493,4.737568998,Faostat
Oman,kg,8.85,9.5,10.1,10.67,11.2,10.9,12.12,13.24,14.98,21.41,21.36,22.96,22.68,23.75,28.34,29.13,31.48,32.7,34.04,39.74,42.69,42.92,45.62,47.76,44.66,49.13,47.85,48.73,35.82,46.07,37.36,33.14,32.68,33.61,35.99,38.1,38.72,46.66,46.5,49.53,49.59,50.8,45.95,50.26,50.11,51.59,52.33,51.53,51.88,50.76,53.04,52.48,56.55,53.38623951,57.41280109,46.65994079,47.36466031,Faostat
Pakistan,kg,17.12,16.92,13.4,18.08,18.13,14.13,17.13,27.32,31.66,29.09,30.01,30.89,21.67,21.86,27.08,23.51,24.54,22.81,21.93,22.53,21.49,23.32,21.58,20.32,18.98,14.64,18.41,19.93,16.72,14.11,15.19,12.06,14.49,17.78,14.19,13.56,14.32,11.61,15.02,13.89,15.03,13.3,16.45,15.57,11.66,9.54,12.46,13.05,15.71,13.48,12.42,12.63,12.25,16.8864074,17.53022822,17.44819693,17.09424649,Faostat
Panama,kg,56.07,53.7,56.86,59.35,54.91,60.25,65.61,56.13,68.6,63.79,60.79,46.96,50.22,68.72,73.23,42.46,59.09,43.96,43.72,44.98,53.97,43.64,54.35,51.98,55.98,63.73,34.08,52.24,44.12,45.21,39.79,49.53,50.5,49.22,44.55,41.67,30.33,49.45,38.19,33.47,57.13,62.34,61.96,54.43,59.39,58.83,60.78,60.09,61.43,61.75,62.91,66.45,66.42,110.2193596,114.4011954,119.641136,122.2373626,Faostat
Paraguay,kg,5.92,5.17,4.77,5.84,6.21,2.74,4.86,5.41,6.76,10.7,11.09,9.07,9.41,10.74,12.22,11.74,14.08,11.87,11.28,7.83,8.2,11.43,12.79,13.64,16.32,9.98,16.7,12.51,12.84,12.07,12.35,11.58,12.77,13.51,15.12,14.97,15.44,16.61,9.91,11.56,9.78,9.69,9.85,9.94,6.22,5.9,4.8,4.24,3.36,4.87,5.47,5.58,4.91,8.788512626,8.820786437,7.672017702,7.135515675,Faostat
Peru,kg,20.02,22.42,14.83,22.86,22.37,19.34,17.68,18.12,31.16,26.56,25,20.52,18.04,19.54,26.09,23.15,23.73,19.92,31.09,29.16,26.3,31.95,35.01,23.54,27.97,29.09,31.1,28.91,42.12,40.82,39.01,41.58,41.89,41.99,35.32,39.96,39.86,38.88,41.3,41.92,43.53,42.36,42.78,45.62,47.95,49.79,44.62,48.8,48.76,46.68,44.48,48.97,48.92,75.24001365,76.36834801,76.56978735,76.42084818,Faostat
Philippines,kg,90.74,86.05,86.61,89.84,92.31,87.07,86.14,82.67,82.87,84.21,87.67,90.85,91.05,93.86,96.33,95.53,92.91,88.17,90.25,96.77,96.97,97.99,85.69,97.41,97.67,96.75,93.58,92.88,96.18,93.75,84.64,87.93,88.88,89.03,92.77,99.05,97.4,92.26,100.07,103.74,104.11,108.3,107.22,116.3,120.54,120.81,128.58,130.96,123.1,115.95,118.78,120.88,119.44,173.9971562,170.1053241,164.618681,180.5788013,Faostat
Poland,kg,2.19,1.79,1.9,2,1.81,1.9,1.9,1.8,1.89,1.99,2,1.9,2,2,2,2.5,2.41,2.2,2.6,2.94,2.66,2.29,1.74,2.02,1.74,1.93,2.46,2,1.89,1.18,1.05,1.32,1.65,1.65,1.8,1.78,1.83,1.85,1.85,1.92,1.81,1.82,1.7,1.59,1.62,1.63,2.43,1.39,1.1,0.95,1.38,1.16,0.95,1.157537271,1.368910546,1.659200834,1.606327307,Faostat
Portugal,kg,12.51,12.33,12.43,12.32,12.65,13.66,13.26,12.91,13.69,14.29,12.67,13.39,14.11,13.79,13.69,13.98,13.34,13.65,15.06,14.1,13.16,14.72,12.39,15.78,18.73,18.24,19.11,18.75,16.21,13.92,14.44,16.39,14.87,15.54,13.94,13.85,15.23,17.63,16.96,17.19,17.2,16.66,16.8,15.79,15.39,15.26,15.06,16.31,15.51,16.6,17.37,15.37,14.86,21.63240638,22.88069715,21.79081361,20.48484025,Faostat
Romania,kg,1.87,1.81,3.89,3.22,3.31,3.2,3.43,3.48,3.57,3.6,3.85,3.59,4.02,3.99,3.94,3.98,3.45,3.93,3.97,4.06,4.18,3.83,4.91,4.78,4.54,4.64,5,4.2,3.8,4.01,2.72,3.16,3.21,2.6,2.06,2.23,2.41,2.9,4.04,3.68,3.37,3.46,3.23,3.9,3.28,3.07,2.24,2.61,2.34,2.44,2.49,2.78,2.59,4.77171632,4.440941932,4.821780154,4.441332675,Faostat
Russia,kg,...,...,...,...,...,...,...,...,...,...,...,...,...,...,...,...,...,...,...,...,...,...,...,...,...,...,...,...,...,...,...,7.09,4.91,1.75,2.19,3.74,3.57,3.7,5.43,4.89,4.4,5.19,5.1,5.1,4.9,5.23,4.5,4.79,5.07,4.99,4.87,3.73,4.71,8.058703126,8.098718591,8.48676498,8.159353686,Faostat
Rwanda,kg,...,...,...,0.23,0.35,0.53,0.12,0.28,0.61,0.64,0.42,0.55,0.5,0.48,0.87,0.53,1.04,1.16,0.7,1.73,1.77,1.41,1.49,1.76,1.72,1.89,1.68,1.32,1.36,1.37,1.86,1.72,2.18,2.86,1.62,1.91,2.04,3.02,2.98,1.01,3.91,2.83,3.13,3.26,5.44,5.59,5.58,6.02,7.66,7.8,7.85,9.03,8.7,11.09744832,11.69841041,10.11241145,11.51827566,Faostat
Saudi Arabia,kg,23.8,23.91,23.93,23.93,23.9,23.85,23.77,23.81,23.6,23.31,22.95,22.48,22.23,22.51,25.3,27.8,25.19,27.21,33.12,33.27,35.72,38.55,36.18,33.24,30.76,27.98,24.37,25.97,18.3,17.69,17.31,27.37,26.58,26.42,26.52,30.79,31.51,35.84,38.09,39.44,32.47,30.58,29.78,32.18,32.35,34.61,33.24,36.48,37.5,36.83,36.26,36.55,36.02,51.94619862,59.02071766,52.92286642,51.05557708,Faostat
Senegal,kg,47.84,46.82,45.45,66.7,68.48,57.12,58.98,56.53,50.87,45.67,48.55,46.82,48.36,46.53,44.22,58.44,55.53,54.24,73.72,64.16,70.18,71.55,64.28,71.07,65.51,68.51,55.42,58.35,63.38,65.28,63.19,58.87,59.62,51.46,59.91,62.91,61.65,65.3,70.07,73.21,64.6,71.13,72.61,70.54,69.6,67.13,73.51,73.63,69.02,70.15,70.39,71.11,72.29,122.6830263,125.1161818,119.7184329,123.8702996,Faostat
Serbia,kg,...,...,...,...,...,...,...,...,...,...,...,...,...,...,...,...,...,...,...,...,...,...,...,...,...,...,...,...,...,...,...,...,...,...,...,...,...,...,...,...,...,...,...,...,...,1.35,1.31,1.23,1.35,1.31,1.43,1.33,1.22,1.823134625,1.40936719,1.133413862,0.997029138,Faostat
Sierra Leone,kg,65.25,67.59,80.26,78.95,93.76,103.81,107.04,109,104.29,104.21,105.15,105.93,108.33,107.7,106.61,105.26,106.84,106.8,105.58,103.61,101.06,97,95.55,93.38,93.83,93.33,93.12,94.66,94.59,96.68,97.28,98.01,99.04,100.46,99.89,99.36,99.14,98.85,98.63,96.46,93.01,90.26,85.74,80.15,81.35,83.76,93.98,93.54,94.05,98.54,98.76,102.18,103.3,189.5355567,184.3302808,192.9362413,186.287454,Faostat
Slovakia,kg,4.6,5.2,4.6,5.1,5,5.1,4.7,4.7,4.5,4.5,5,4.8,4.5,4.5,4.8,5.1,4.7,4.6,5.1,4.6,5,3.6,3.8,4.1,3.9,4,4.2,4.3,4.3,6,2.9,2.9,5.54,3.38,4.57,5.19,5.08,5.61,5.46,5.44,5,5.69,5.66,5.81,3.85,4.72,4.48,4.96,2.94,3.4,1.25,3.05,2.88,2.399121995,2.3968431,2.577890026,2.3900433,Faostat
Slovenia,kg,...,...,...,...,...,...,...,...,...,...,...,...,...,...,...,...,...,...,...,...,...,...,...,...,...,...,...,...,...,...,...,2.42,1.54,2.21,2.69,3.05,2.91,3.29,5.83,6.13,3.17,3.45,3.23,3.03,3.54,3.33,3.48,3.26,3.42,3.3,3.38,3.49,3.95,3.87976605,3.392243683,3.389761564,3.387553548,Faostat
South Africa,kg,2.99,2.48,3.25,3.1,3.4,3.71,3.5,3.71,3.7,3.34,3.91,3.57,3.97,2.79,3.48,3.42,4.14,3.8,4.89,4.4,5.09,5.43,5.7,5.67,5.45,5.74,7.74,6.75,8.05,7.81,9.07,8.76,9.23,10.04,10.94,11.32,11.03,11.95,13.31,12.12,12.3,14.2,15.89,15.63,15.63,15.71,15.68,15.6,16.58,16.54,16.65,16.46,17.41,25.08058421,23.74230381,24.23157745,24.57474336,Faostat
South Korea,kg,98.85,103.76,110.76,110,105.77,109.18,117.43,110.42,110.15,124.96,120.13,118.81,121.31,127.07,124.96,129.12,142.96,143.87,136.69,137.58,123.61,124.82,126.24,125.17,119.72,119.89,118.48,113.41,107.24,97.2,100.86,98.41,97.59,95.91,96.12,97.54,95.54,92.78,91.26,87.94,83.52,81.78,76.2,77.06,75.76,78.42,76.55,78.43,81.67,83.7,86.9,81.69,85.18,123.3775804,123.6892395,122.8674334,119.5438386,Faostat
Spain,kg,5.53,6.04,6.23,6.56,5.65,5.1,4.77,5.05,5.26,5.18,5.18,5.16,5.45,5.36,5.74,5.86,5.59,5.37,5.41,5.72,5.78,5.42,4.9,4.88,5.16,5.49,5.71,5.54,5.28,6.46,6.74,6.92,6.9,6.79,6.94,8.49,8.67,8.49,8.28,7.85,7.41,7.5,6.91,7.32,6.86,6.37,6.94,7.41,7.86,7.88,8.46,8.19,8.32,11.74676505,12.12190842,12.39134394,11.84721319,Faostat
Sri Lanka,kg,95.26,97.93,101.6,93.15,107.48,109.55,83.96,93.44,90.3,88.92,97.09,94.65,94.16,100.55,94.31,106.65,94.02,87.51,86.91,91.32,99.85,99.48,101.23,94.62,105.81,100.54,97.76,98.7,89.9,95.78,89.56,90.43,83.14,93.36,88.57,88.64,89.86,91.71,96.42,92.22,93.27,91.65,91.2,97.28,100.3,100.83,103.04,104.77,108.69,111.77,108.7,108.31,109.72,169.4099528,163.3285646,165.2124699,164.1951129,Faostat
Sudan,kg,0.4,0.38,0.42,0.48,0.36,0.37,0.58,0.52,0.6,0.65,0.82,0.77,0.98,0.76,0.53,0.46,0.51,0.54,0.64,0.73,0.89,1.05,1.24,1.33,1.5,1.68,1.63,1.6,1.54,1.33,1.3,1.09,0.98,0.77,0.67,0.72,0.59,0.89,0.53,0.97,1.35,0.98,1.14,1.9,1.65,1.78,1.73,1.31,1.2,1.9,...,1.28,1.27,2.317151898,2.570499285,2.710337702,3.136225021,Faostat
Suriname,kg,58.18,57.53,60.36,86.94,81.1,75.61,73.69,82.99,84.05,79.56,80.01,84.94,83.61,98.45,77.9,88.96,77.74,78.17,69.29,72.5,68.17,63.65,61.59,87.26,86.78,83.03,80.68,97.7,88.92,88.74,89.06,82.58,75.83,79.64,92.44,92.33,71.55,72.83,69.84,75.67,74.7,71.29,68.93,65.34,66.42,66.74,66.46,68.04,68.18,68.49,68.72,68.67,68.68,103.0223504,103.7314714,102.6761294,103.4178731,Faostat
Swaziland,kg,0.48,0.56,0.22,0.28,0.34,0.32,0.3,0.3,0.03,0.1,0.3,0.41,1.03,0.23,1.15,1.98,2.06,5.04,4.96,5.03,3.5,1.86,1.81,3,4.14,3.15,3.64,4.72,7.02,10.29,8.33,6.02,10.5,9.23,8.01,9.4,8.67,8.57,10.48,11.97,9.62,14.42,18.55,20,22.3,20.98,18.23,17.54,18.14,17.39,18.59,20.21,21.15,35.61572279,25.36144589,41.29286154,43.56299031,Faostat
Sweden,kg,1.45,1.49,1.31,1.44,1.57,1.42,1.58,1.54,1.42,1.58,1.79,2.1,2.01,2.02,1.87,2.43,2.97,1.97,1.96,2.35,2.45,3.06,3.14,2.78,3.23,4.43,3.69,3.7,3.87,4.27,4.58,5.69,5.66,5.81,4.54,3.63,3.89,4.1,4.26,4.33,4.6,4.83,5.47,5.82,5.72,5.2,5.44,6.22,5.71,6.16,6.22,5.79,5.96,6.084914466,6.12295756,6.046506706,5.965579798,Faostat
Switzerland,kg,2.4,2.47,2.38,2.3,1.98,3.02,2,2.16,1.08,2.15,1.83,1.74,3.01,2.3,2.34,2.64,2.43,2.69,2.82,3.42,3.13,3.3,3.21,2.73,3.32,3.39,3.74,3.91,4.03,4.43,4.72,4.36,4.77,4.46,4.44,4.32,4.73,4.56,5.03,5.08,5.46,4.64,5.33,5.75,5.55,4.75,4.92,5.41,5.1,3.77,3.66,3.15,2.43,2.686645868,2.656236191,2.627387071,2.602983492,Faostat
Taiwan,kg,130.55,131.18,133.81,130.14,124.54,133.88,129.84,132.76,115.33,120.6,127.15,127.86,117.4,118.05,124.34,122.22,113.03,98.42,93.58,96.28,90.7,85.98,77.2,78.02,74.85,70.39,63.63,64.73,65.55,60.75,52.77,53.08,54.1,52.07,46.43,49.68,48.15,50.42,48.79,46.79,47.79,44.99,47.99,48.36,47.87,44.52,45.42,46.17,47.6,48.7,48.2,48.1,48.3,...,...,...,...,Faostat
Tajikistan,kg,...,...,...,...,...,...,...,...,...,...,...,...,...,...,...,...,...,...,...,...,...,...,...,...,...,...,...,...,...,...,...,4.51,3.19,4.01,5.51,4.67,4.86,4.47,4.74,6.44,6.17,5.05,5.72,4.18,5.12,4.72,5.32,5.2,6.55,6.92,7.13,7.09,6.99,11.75354678,11.71040661,12.69683704,11.936574,Faostat
Tanzania,kg,6.08,6.69,10.63,8.14,4.44,8.11,6.53,5.67,5.93,5.93,7.39,7.49,11.99,12.77,13.35,12.84,13.69,15.6,9.66,14.27,7.91,15.65,12.95,12.83,13.94,20.49,20.07,17.26,18.2,18.69,16.43,10.8,14.26,14.65,14.29,14.02,15.64,16.52,16.2,18.11,18.29,18.07,21.04,21.17,19.63,20.31,19.91,22.25,19.48,19,19.77,21.27,21.01,30.4640282,33.54528958,35.08062162,38.96792089,Faostat
Thailand,kg,142.7,153.57,161.85,162.59,149.1,168.38,152.99,157.93,156.69,158.08,159.65,157.38,160.14,157.92,158.85,150.87,143.74,159.98,143.01,137.31,134.4,123.2,132.55,123.7,117.64,122.27,118.69,113.81,104.63,113.69,117.61,111.16,108.48,113.22,111.1,122.59,122.37,122.62,121.37,117.22,112.82,113.58,115.15,114.28,117.57,119.64,112.68,117.87,117.73,114,112.07,114.6,114.57,179.5327992,176.8476324,174.6233249,177.763799,Faostat
Togo,kg,7.72,5.8,7.65,9.4,9.64,6.62,6.76,8.09,5.49,4.98,4.28,7.83,4.1,3.35,3.36,5.23,8.06,6.53,7.34,10.47,9.32,8.54,10.23,7.93,8.05,8.96,9.71,12.12,13.62,9.54,10.78,12.11,12.04,9.12,9.52,16.22,16.32,22.11,26.47,22.62,17.02,19.3,17.55,24.91,21.57,21.28,23.2,22.98,21.91,22.55,23.34,23.46,25.99,33.34268703,24.71609941,22.63662937,22.73177185,Faostat
Trinidad and Tobago,kg,36.94,42.95,37.25,38.7,38.78,39,38.67,37.1,37.28,35.15,35.97,35.84,38.01,44.05,40.81,40.97,40.52,39.94,42.97,40.71,39.09,38.54,38.02,36.83,35.87,22.8,29.33,34.22,33.79,32.27,37.11,33.39,32.8,34.52,34.17,34.79,19.52,21.89,21.57,23.2,18.85,15.95,18.37,15.13,16.34,14.54,16.48,16.63,17.44,17.78,19.05,18.73,16.38,19.81888475,19.70325439,22.50350801,23.12038495,Faostat
Tunisia,kg,1.2,0.83,0.67,0.02,...,0.2,0.42,0.41,...,0.34,0.38,0.57,0.55,0.36,0.4,0.35,0.43,0.58,0.32,0.53,0.32,0.32,0.3,0.51,0.78,1.06,1.03,1,0.89,0.86,1.06,1.14,1.04,1.51,1.19,1.73,1.27,1.23,2.18,1.42,1,1.15,1.82,1.37,1.71,2.39,1.69,1.85,0.89,0.94,1.44,0.97,1.07,1.175067419,1.162795794,1.150041286,1.224478586,Faostat
Turkey,kg,5.33,5.68,4.28,3.22,4.15,5.02,4.18,3.61,4.1,4.99,4.91,3.39,6.15,4.35,6.1,4.62,4.94,5.6,5.97,3.46,5.13,5.15,4.33,5.49,5.28,5.2,6.71,5.02,8.41,6.49,4.8,7.57,8.02,5.91,7.75,6.67,7.69,8.12,7.62,9.1,7.23,8.72,9.7,6.98,9.69,9.87,8.96,10.05,9.44,9.68,9.91,8.62,10.74,14.98136807,15.21722823,15.40815295,15.95237444,Faostat
Turkmenistan,kg,...,...,...,...,...,...,...,...,...,...,...,...,...,...,...,...,...,...,...,...,...,...,...,...,...,...,...,...,...,...,...,9.38,13.05,13.63,11.19,5.7,3.49,1.14,3.18,3.18,4.58,10.22,13.91,13.66,14.84,16.9,13.47,13.05,12.78,11.47,11.27,10.45,10.93,16.83032327,17.96853817,21.54574471,24.14172268,Faostat
Uganda,kg,1.22,1.06,0.78,0.99,1.56,1.47,1.71,0.32,0.85,1.02,1.75,1.48,0.6,1.14,1.26,1.72,1.02,1.31,1.56,2.02,1.36,1.22,1.38,1.37,1.15,1.21,1.12,0.76,1.9,1.78,1.97,2.15,2.33,2.65,2.57,2.83,3.5,3.72,4.91,4.7,3.53,4.34,4.65,4.48,4.95,4.21,4.69,4.57,5.07,4.99,5.56,5.25,4.64,9.590499229,7.246481643,5.851320026,9.44941077,Faostat
Ukraine,kg,...,...,...,...,...,...,...,...,...,...,...,...,...,...,...,...,...,...,...,...,...,...,...,...,...,...,...,...,...,...,...,1.35,1.04,1.31,1.5,2.08,1.81,2.05,2.12,2.3,2.42,2.59,2.91,3.17,3.81,3.62,3.88,2.81,3.46,2.92,3.57,2.53,3,4.37354926,4.22996518,3.644066028,3.747395644,Faostat
United Arab Emirates,kg,78.57,77.71,82.05,80.45,84.38,84.43,82.77,76.97,64.58,51.94,46.44,45.81,50.29,54.49,52.66,41.34,33.78,30.14,43.01,43.12,42.07,38.3,27.98,22.78,25.28,24.53,33.36,40.27,30.61,33.98,31.98,38.41,39.28,37.73,44.39,45.33,49.77,43.7,42.01,41.3,46.67,41.11,44.73,46.16,54.77,49.44,49.27,50.8,50.42,57.61,56.39,57.65,56.25,56.5432721,56.13795081,56.190728,56.70794963,Faostat
United Kingdom,kg,1.08,1.32,1.09,1.15,1.19,1.19,1.06,1.32,1.3,1.23,1.56,1.49,1.4,1.32,1.31,1.84,1.84,1.74,1.46,1.88,1.93,2.04,2.4,2.42,2.42,2.65,2.35,2.43,2.45,2.46,2.58,2.23,1.94,2.1,1.89,2.09,2.12,3.95,3.5,4.05,4.46,5.05,5.43,5.16,5.54,5.35,5.63,6.7,6.18,6.91,6.86,7.17,6.39,7.646786806,7.908935867,7.651086905,7.629559572,Faostat
USA,kg,2.54,2.99,2.66,2.86,3.11,2.92,2.99,3.13,3.34,2.7,3.09,2.85,2.87,3.11,3.19,2.9,3.2,2.36,3.88,3.86,4.54,4.96,4.16,3.62,3.77,4.83,5.92,5.91,6.19,6.8,7.2,7.38,6.99,7.72,8.34,7.93,8.32,8.45,7.31,7.05,7.04,7.3,6.24,6.58,6.78,6.9,6.92,6.86,6.84,7.03,6.75,6.85,6.88,10.8201882,10.80941222,10.90779353,10.77133698,Faostat
Uruguay,kg,4.26,4.36,4.76,4.85,4.99,5.37,5.21,5.17,5.52,5.56,5.97,6.18,6.51,9.68,9.28,9.47,8.36,9.04,9.3,7.75,7.4,7.51,7.5,7.85,8.12,8.72,7.8,7.54,8.34,10.3,10.22,9.53,10.04,11.01,9.28,10.75,10.76,10.9,11.16,10.83,10.89,10.85,10.84,11.42,10.85,10.96,11.13,11.42,11.43,11.42,11.53,11.4,11.5,14.70398381,16.41259866,16.64652048,16.58594356,Faostat
Uzbekistan,kg,...,...,...,...,...,...,...,...,...,...,...,...,...,...,...,...,...,...,...,...,...,...,...,...,...,...,...,...,...,...,...,13.15,12.58,11.89,12.77,9.1,11,11.8,10.97,9.55,6.13,7.98,7.55,6.45,5.71,5.41,5.31,2.77,3.9,4.14,3.83,3.92,3.87,10.30636231,9.489151376,9.262777138,10.74452122,Faostat
Venezuela,kg,4.63,5.38,6.16,7.59,7.8,8.64,9.11,9.37,9.54,9.71,9.4,9.54,9.66,10.16,9.98,10.62,11.86,11.8,12.82,20.87,13.03,14.72,16.85,19.79,18.46,6.45,12.7,14.98,11.04,12.69,13.43,13.27,11.05,15.63,16.58,19.21,13.08,13.05,15.09,11.56,15.86,15.63,17.58,16.76,21.38,23.48,20.68,23.73,32.07,32.05,26.75,23.24,23.39,36.94707578,35.27046412,32.96344485,33.39854325,Faostat
Vietnam,kg,144.53,149.84,147.53,148.27,146.33,144.5,144.25,141.35,139.95,143.77,142.03,141.92,143.72,144.72,143.16,140.67,125.75,107.25,118.86,128.41,132.18,138.31,142.91,147.98,146.52,150.17,139.61,138.65,139.87,133.44,127.92,131.12,136.7,136.14,136.08,139.29,136.99,144.57,147.56,149.39,151.87,155.24,155.4,154.76,148.86,143.29,144.11,145.72,144.76,145.4,145.31,141.69,144.56,217.1972935,218.7380047,218.2497337,218.4657455,Faostat
Yemen,kg,0.97,2.13,2.86,2.67,1.88,3.42,3.71,4.45,9.04,6.72,3.84,4.12,4.44,5.71,5.74,8.15,5.53,8.03,11.75,5.75,9.56,9.02,7.63,9.28,13.03,12.35,9.35,11.73,9.6,11.28,14.68,12.34,10.66,8.55,8.12,12.41,10.48,8.58,11.86,12.91,11.88,13.73,13.56,16.07,16.38,12.87,12.96,13.74,15.07,14.16,14.91,18.04,17.36,25.98409634,29.39857719,22.82078944,22.77723387,Faostat
Zambia,kg,0.63,0.31,0.59,0.43,0.61,0.87,0.95,0.94,1.15,1.19,1.69,1.35,0.66,0.72,1.02,1.78,1.85,1.79,1.53,1.01,0.65,1.57,2.29,2.48,1.46,1.79,1.25,0.78,0.94,1.33,1.23,1.32,1.27,1.11,1.24,2.37,1.48,1.04,1.64,1.49,1.97,2.33,3.24,2.92,2.38,2.91,1.51,2.4,2.75,3.25,2.67,3.06,3.05,4.545515644,2.644941204,1.955577947,2.136041137,Faostat
Zimbabwe,kg,0.41,0.49,1.19,1.13,1.16,1.08,1.12,1.15,1.27,1.32,1.08,0.92,0.78,0.75,0.76,0.43,1.17,0.43,0.55,0.85,0.66,0.31,2.37,1.81,0.67,0.64,1.68,0.63,1.49,1.14,0.8,1.23,0.97,2.19,2.44,1.41,2.16,2.4,1.67,1.13,1.29,1.1,0.95,1.7,1.89,1.94,3.33,2.84,3.3,6.34,8.6,10.08,10.09,2.870452081,3.185026438,3.42115778,4.214489711,Faostat
World,kg,38.8,40.94,42.35,44.06,43.72,44.26,44.4,45.05,45.05,47.61,47.39,46.98,47.19,47.48,48.71,48.21,49.47,49.89,49.5,49.71,49.85,52.34,53.51,53.26,53.61,52.88,53.49,53.84,54.16,54.22,52.04,51.65,52.55,52.38,52.83,53.41,53.27,53.48,54.13,53.69,53.21,53.11,52.79,53.12,53.21,53.01,53.18,53.99,53.94,54.01,54.2,53.94,53.92,79.27969788,78.91362696,79.58908752,79.7976274,Faostat
